No;Region;Area;Node;Sektor;MAC;Device Name;Remote;Lat;Long;Distance;IP Address;Device Type;Device;Serial Number;Description;Status;Bandwith;Keterangan;FO;WIBAS;STARLINK;M2M;Status Mig;Keterangan
1;CRO;CJDA;SOLO SAHID_DISMANTLE - TAC WOPM;SLOSRHBC02090;00:04:56:D9:FD:14;;;-7,56396;110,81946;;172.31.85.130;ePMP 2000 AP;PtMP;E6VK06N3KG3D;;Offline;;;;;;;;
2;CRO;CJDA;SOLO SAHID_DISMANTLE - TAC WOPM;SLOSRHBC01000;00:04:56:DA:0C:3C;;;-7,5638;110,81943;;172.31.85.131;ePMP 2000 AP;PtMP;E6VL07R60H81;;Offline;;;;;;;;
3;CRO;CJDA;;;58:C1:7A:4E:2C:08;;2017001642-PANIN SYARIAH;;;;172.31.85.135;ePMP Force 200 SM;PtMP;E8WK074GZ1PR;;Offline;;;;;;;;
4;CRO;CJDA;;;58:C1:7A:41:74:56;;2013005352-ATM BNI MOJOSONGO;;;;172.31.85.136;ePMP Force 200 SM;PtMP;E8UK0DQXLQZP;;Offline;;;;;;;;
5;CRO;CJDA;;;58:C1:7A:49:D6:C2;;ATM_BNI_POLTEKES;;;;172.31.85.137;ePMP Force 200 SM;PtMP;E8WC04N0DZS4;;Offline;;;;;;;;
6;CRO;CJDA;;;58:C1:7A:4E:0E:0C;;2014005966-ATM MANDIRI BRAYAT;;;;172.31.85.138;ePMP Force 200 SM;PtMP;E8WJ1817S07V;;Offline;;;;;;;;
7;CRO;CJDA;;;58:C1:7A:41:92:10;;2018005645-BNI MOJOSONGO;;;;172.31.85.139;ePMP Force 200 SM;PtMP;E8UK0JPN90J1;;Offline;;;;;;;;
8;CRO;CJDA;;;58:C1:7A:41:8F:CA;;2021255582-BANK INA INDOGROSIR;;;;172.31.85.162;ePMP Force 200 SM;PtMP;E8UK0JD8K86B;;Offline;;;;;;;;
9;CRO;CJDA;;;58:C1:7A:41:8C:56;;ATM-CIMB-GRAHAPADMA;;;;172.31.87.12;ePMP Force 200 SM;PtMP;E8UK0HY0BJDT;;Offline;;;;;;;;
10;CRO;CJDA;;;58:C1:7A:41:8F:04;;ATM-DANAMON-RS_COLUMBIA;;;;172.31.87.13;ePMP Force 200 SM;PtMP;E8UK0J92790N;;Offline;;;;;;;;
11;CRO;CJDA;KUDUS;KDSIKCBC04270;00:04:56:DA:08:DE;;;-6,920556;110,9325;;172.31.87.133;ePMP 2000 AP;PtMP;E6VL078TMBWX;;Offline;;;;;;;;
12;CRO;CJDA;;;58:C1:7A:48:C7:CC;;2020224323-ATM_BANK_NOBU;;;;172.31.87.137;ePMP Force 200 SM;PtMP;E8VL0476BXMW;;Offline;;;;;;;;
13;CRO;CJDA;;;58:C1:7A:49:C0:C4;;TELKOM-BEA CUKAI;;;;172.31.87.14;ePMP Force 200 SM;PtMP;E8WC015HNXLN;;Offline;;;;;;;;
14;CRO;CJDA;SEMARANG CROWN;SMGCPHBC04270;00:04:56:DA:07:C4;;;-6,978889;110,4158333;;172.31.87.2;ePMP 2000 AP;PtMP;E6VL07445DHX;;Offline;;;;;;;;
15;CRO;CJDA;SLEMAN;SLMIDSBC03180;00:04:56:DA:0C:10;;;;;;172.31.90.132;ePMP 2000 AP;PtMP;E6VL07QGZXLC;;Offline;;;;;;;;
16;CRO;CJDA;;;58:C1:7A:41:8F:D6;;2020231405-LOTTE_MART;;;1.7976 KM;172.31.90.141;ePMP Force 200 SM;PtMP;E8UK0JDGZMMT;;Online;5 Mbps;TIDAK ADA DI DATA OB;;;;;;
17;CRO;CJDA;;;58:C1:7A:4E:29:00;;2016004253-ATM-PERMATA-AMPLAZ;;;;172.31.90.146;ePMP Force 200 SM;PtMP;E8WK06PJXN6T;;Offline;;SUSPEND PERMANENT;;;;;;
18;CRO;CJDA;;;58:C1:7A:49:C2:FE;;BANK-NOBU-LIPPO;;;;172.31.90.147;ePMP Force 200 SM;PtMP;E8WC01H0R0J6;;Offline;;;;;;;;
19;CRO;EKA;BALIKPAPAN SEPNGINGGAN;BLPSEPBC10 (Dismantle by TAC_WOPM);58:C1:7A:49:D3:B4;;;-1,2573468;116,9112592;;10.66.145.2;ePMP Force 200 AP;PtMP;E8WC046Z8NCB;ePTP Master;Offline;;;;;;;;
20;CRO;EKA;;;58:C1:7A:49:C1:A4;;NBD-LA;;;;10.66.145.3;ePMP Force 200 SM;PtMP;E8WC0197NR48;ePTP Slave;Offline;;;;;;;;
21;CRO;EKA;BANJARBARU;BJBSBUBC02010;00:04:56:DA:0E:74;;;-3,4572422;114,8103181;;172.31.105.131;ePMP 2000 AP;PtMP;E6VL082NBJWX;;Offline;;;;;;;;
22;CRO;EKA;BANJARBARU;BJBSBUBC03270 (Dismantle By TAC-WOPM);00:04:56:DA:F3:F6;;;;;;172.31.105.132;ePMP 2000 AP;PtMP;E6WH0F4DZBS0;;Offline;;;;;;;;
23;CRO;EKA;;;58:C1:7A:42:40:04;;2021261502-AIRNAV;;;;172.31.105.250;ePMP Force 200 SM;PtMP;E8UM09ZNKSKX;;Offline;;;;;;;;
24;CRO;EKA;;;58:C1:7A:41:8B:58;;2021260241-BANK BSI KC MARTAPURA;;;;172.31.105.251;ePMP Force 200 SM;PtMP;E8UK0HSXPMJ6;;Offline;;;;;;;;
25;CRO;EKA;BANJARMASIN;BJMBPDBC02100;00:04:56:DA:0B:3A;;;-3,32577;114,58986;;172.31.106.131;ePMP 2000 AP;PtMP;E6VL07LW31RX;;Online;;;;;;;;
26;CRO;EKA;;;58:C1:7A:4E:2C:22;;2021288777-BANK BJB_ATM DUTA MAL;;;;172.31.106.249;ePMP Force 200 SM;PtMP;E8WK074WJ0P7;;Offline;;;;;;;;
27;CRO;EKA;;;58:C1:7A:42:32:30;;2013003634-BANK KALSEL_ATM DUTA;;;1.648 KM;172.31.106.250;ePMP Force 200 SM;PtMP;E8UM084KSB26;JL. LAMBUNG MANGKURAT NO.7 DUTA MALL;Online;64 Kbps;;;;;;;
28;CRO;EKA;;;58:C1:7A:49:C1:0A;;2021261487_AIRNAV_BPN_OFFICE;;;1.94689 KM;172.31.109.11;ePMP Force 200 SM;PtMP;E8WC016N4NFN;;Online;50 Mbps;Media Akses FO;;;;;;
29;CRO;EKA;BALIKPAPAN SEPNGINGGAN;BLPSEPBC01;00:04:56:D9:FA:E2;;;-1,2573468;116,9112592;;172.31.109.2;ePMP 2000 AP;PtMP;E6VK06BQPBBG;;Online;;;;;;;;
30;CRO;EKA;;;58:C1:7A:49:BE:BA;;2021261507_AIRNAV_ATC;;;2.3979 KM;172.31.110.11;ePMP Force 200 SM;PtMP;E8WC00VSF3WG;;Offline;10 Mbps;Media Akses FO;;;;;;
31;CRO;EKA;;;58:C1:7A:48:F5:D0;;2017002225_AIRNAV_ER;;;;172.31.110.12;ePMP Force 200 SM;PtMP;E8VL0HQXTKP7;;Offline;;SUSPEND PERMANENT;;;;;;
32;CRO;EKA;;;58:C1:7A:49:BF:02;;[SUDAH KE FO] 2016005290_AIRNAV_;;;;172.31.110.13;ePMP Force 200 SM;PtMP;E8WC00X0CF9F;;Offline;;;;;;;;
33;CRO;EKA;;;58:C1:7A:4E:2E:20;;2021296512_ATM_BPD_RSU_KOTA_TARAKAN;;;;172.31.110.14;ePMP Force 200 SM;PtMP;E8WK07FDQQKF;;Offline;;;;;;;;
34;CRO;EKA;;;58:C1:7A:4E:2D:9C;;2020227964_LION_MENTARI;;;2.2483 KM;172.31.110.16;ePMP Force 200 SM;PtMP;E8WK07C62HF4;JL. SEROJA - BANDARA JUWATA;Offline;5 Mbps;Media Akses FO;;;;;;
35;CRO;EKA;TARAKAN;TRKSERBC01;00:04:56:DA:F2:D8;;;3,323944352;117,5766362;;172.31.110.2;ePMP 2000 AP;PtMP;E6WH0DZMKGV1;;Offline;;;;;;;;
36;CRO;EKA;TANJUNG SELOR;TJSPELBC01220;00:04:56:DA:F8:10;;;2,840227;117,363109;;172.31.113.194;ePMP 2000 AP;PtMP;E6WJ01R0DF0T;Install By Alvian;Offline;;;;;;;;
37;CRO;EKA;TANJUNG SELOR;TJSPELBC02030;00:04:56:DA:F8:58;;;2,840227;117,363109;;172.31.113.195;ePMP 2000 AP;PtMP;E6WJ01S6SKBK;Install by Dika;Offline;;;;;;;;
38;CRO;EKA;;;58:C1:7A:48:EB:F4;;2014001108-BPD_KALTIMTARA_DISPEN;;;;172.31.113.196;ePMP Force 200 SM;PtMP;E8VL0F94D6GD;;Offline;;;;;;;;
39;CRO;EKA;;;58:C1:7A:4E:92:E4;;2019001551-PERUM_LPPNPI_AIRNAV_T;;;;172.31.113.197;ePMP Force 200 SM;PtMP;E8WK0PRB7XGV;;Offline;;;;;;;;
40;CRO;EKA;;;58:C1:7A:4E:7A:A8;;2018008609-BPD_PingHardware_TJS;;;;172.31.113.198;ePMP Force 200 SM;PtMP;E8WK0L9XSGQJ;;Offline;;;;;;;;
41;CRO;EKA;;;58:C1:7A:4E:7A:6C;;2018011154-BANK_TABUNGAN_NEGARA_;;;;172.31.113.200;ePMP Force 200 SM;PtMP;E8WK0L8XDLX7;;Offline;;;;;;;;
42;CRO;EKA;;;58:C1:7A:4E:7A:B0;;2010001175-BPD_Kaltim_Tanjung_Palas;;;;172.31.113.201;ePMP Force 200 SM;PtMP;E8WK0LB2R86J;;Offline;;;;;;;;
43;CRO;EKA;;;58:C1:7A:48:EC:76;;Panin_Square;;;;172.31.113.202;ePMP Force 200 SM;PtMP;E8VL0FC992Q2;;Offline;;;;;;;;
44;CRO;EKA;;;58:C1:7A:4E:2C:D2;;2015000266-ATM_BPD_DEPAN_PASAR_I;;;;172.31.113.203;ePMP Force 200 SM;PtMP;E8WK077T666G;;Offline;;;;;;;;
45;CRO;EKA;;;58:C1:7A:4E:2C:48;;2017007157-LINTASARTA OUTLET KAL;;;;172.31.113.204;ePMP Force 200 SM;PtMP;E8WK075J6SSC;;Offline;;;;;;;;
46;CRO;EKA;TANJUNG SELOR;TJSPELBC1 [DISMANTLE];58:C1:7A:4E:2E:88;;;2,840227;117,363109;;172.31.113.205;ePMP Force 200 AP;PtMP;E8WK07H4XWM1;ePTP Master;Offline;;;;;;;;
47;CRO;EKA;;;58:C1:7A:52:81:0C;;LABRT01;;;;172.31.113.206;ePMP Force 200 SM;PtMP;E8XM02XNMC74;;Offline;;;;;;;;
48;CRO;EKA;;;58:C1:7A:4E:2A:A6;;2022309166-LION MENTARI TANJUNG;;;;172.31.113.207;ePMP Force 200 SM;PtMP;E8WK06XK1GHD;;Offline;;;;;;;;
49;CRO;WJA;PADALARANG DISMANTLE TAC-WOPM;BDGBBPBC01180;00:04:56:DA:0D:D4;;;-6,83621;107,48685;;172.31.104.2;ePMP 2000 AP;PtMP;E6VL08009SJ1;;Offline;;;;;;;;
50;CRO;WJA;;BDGBBPBC01180;00:04:56:D9:FA:C4;;;;;;172.31.104.2;ePMP 2000 AP;PtMP;E6VK06B7K6Q6;BUKIT BERLIAN PADALARANG;Offline;;;;;;;;
51;CRO;WJA;;;58:C1:7A:52:80:AA;;2021289359-MAYBANK KBP PADALARANG;;;;172.31.104.4;ePMP Force 200 SM;PtMP;E8XM02W1L4KH;;Offline;;;;;;;;
52;CRO;WJA;BERLIAN TIMUR - CIREBON;CRBBLNBC01155-AP-BERTI;58:C1:7A:4E:2E:5E;;;-6,741343;108,580733;;172.31.112.66;ePMP Force 200 AP;PtMP;E8WK07GF8MWB;AP-TO-CIREBON-TIMUR;Online;;;;;;;;
53;CRO;WJA;;;58:C1:7A:4E:2E:06;;2010009533-BTN KCP SINDANG LAUT;;;10.1936 KM;172.31.112.68;ePMP Force 200 SM;PtMP;E8WK07DZK04K;JL. RA KARTINI;Online;                                                                                                                                                                                                                                                                                                                                                                                                                                                                                                                                                                                                                                                                                                                                                                                                                                                                                                                                                                                                                                                                                                                                                                                                                                                                                                                                                                                                                                                                                                                                                                                                                                                                                                                                                                                                                                                                                                                                                                                                                                                                                                                                                                                                                   ;Media Akses FO;;;;;;
54;CRO;WJA;;CRBBLNBC02308-PTP-MANDIRI_UTAMA_FINANCE;58:C1:7A:4E:2C:12;;;-6,741343;108,580733;;172.31.112.69;ePMP Force 200 AP;PtMP;E8WK074ML7PQ;CRBBLNBC02308;Online;;;;;;;;
55;CRO;WJA;;;58:C1:7A:41:8C:BC;;2022326012-REMOTE-MANDIRI_UTAMA_FINANCE_20MBPS;;;4.4965 KM;172.31.112.70;ePMP Force 200 SM;PtMP;E8UK0HZN46SM;GG. PANDAWA 5, KP. KARANG ANOM, PENGAMBIRAN NO.12A DAN 12B;Online;20 Mbps;;;;;;;
56;CRO;WKA;PTA CT KETAPANG;KTPIDSCBC01 (Dismantle By TAC-WOPM);00:04:56:DA:0C:66;;;-1,83418;109,97388;;172.31.107.2;ePMP 2000 AP;PtMP;E6VL07RW9RCP;;Offline;;;;;;;;
57;CRO;WKA;;SMA1_KETAPANG;BC:E6:7C:71:8E:51;;;;;;172.31.107.3;ePMP SM;PtMP;EAXJD000LTJG;;Offline;;;;;;;;
58;CRO;WKA;PTA CT KETAPANG;PTP-SMA_1_KETAPANG;BC:E6:7C:71:C9:8E;;;;;;172.31.107.5;ePMP AP;PtMP;EAXJD000D5GS;;Offline;;;;;;;;
59;CRO;WKA;;;58:C1:7A:4E:8F:16;;PUSKESMAS_SUKA_BANGUN;;;;172.31.107.6;ePMP Force 200 SM;PtMP;E8WK0P73TLW0;;Offline;;;;;;;;
60;CRO;WKA;PKR CT SAMPIT;SPTIDSCM01 (Dismantle By TAC-WOP;BC:E6:7C:70:B9:AB;;;;;;172.31.108.130;ePMP AP;PtMP;EAXD6000XHPW;;Online;;;;;;;;
61;CRO;WKA;PKR CT SAMPIT;SPTIDSCM02;BC:E6:7C:70:91:AC;;;;;;172.31.108.131;ePMP AP;PtMP;EAXD6000VPF1;;Online;;;;;;;;
62;CRO;WKA;;;58:C1:7A:41:78:C4;;2016002346-PERUM LPPNI AIRNAV SAMPIT;;;;172.31.108.136;ePMP Force 200 SM;PtMP;E8UK0FB6TL1D;;Online;;SUSPEND PERMANENT;;;;;;
63;CRO;WKA;PTA CT JOHAR_DISMANTLE TAC-WOPM;PTAJHRBC02 (Dismantle);BC:E6:7C:71:6A:D2;;;-0,0276842;109,3299919;;172.31.112.10;ePMP AP;PtMP;EAXJ5000TQ3Z;installed by rzr 01/06/2022;Online;;;;;;;;
64;CRO;WKA;;;BC:E6:7C:71:79:48;;AMWAY;;;;172.31.112.11;ePMP SM;PtMP;EAXJ5000X5MX;;Online;;;;;;;;
65;CRO;WKA;PKR CT G.OBOS;PKRGEOBC01090;00:04:56:DA:0A:4A;;;-2,2314;113,89293;;172.31.112.194;ePMP 2000 AP;PtMP;E6VL07GWK7ZL;;Online;;;;;;;;
66;CRO;WKA;PKR CT G.OBOS;PKRGEOBC02345;00:04:56:DA:F8:08;;;-2,23134;113,89285;;172.31.112.195;ePMP 2000 AP;PtMP;E6WJ01QVDD1H;;Online;;;;;;;;
67;CRO;WKA;;;58:C1:7A:48:F4:8E;;2019002360-TEKNIKAL LION AIR;;;6.03375 KM;172.31.112.202;ePMP Force 200 SM;PtMP;E8VL0HKKP9G4;PANARUNG, PAHANDUT, PALANGKARAYA CITY;Offline;2 Mbps;;;;;;;
68;CRO;WKA;;;58:C1:7A:4E:0B:3E;;2007000936-BANDARA_TJILIK_RIWUT;;;;172.31.112.203;ePMP Force 200 SM;PtMP;E8WJ17M8FMR5;JL. ANDINA SAKTI, RT.01/RW.02 - BANDARA CILIK RIWUT - TERMINAL KEDATANGAN;Online;;;;;;;;
69;CRO;WKA;;;BC:E6:7C:71:B2:C9;;2021244096_KORLANTAS-ERI;;;8.9946 KM;172.31.112.205;ePMP SM;PtMP;EAXJD0005HP7;JL. G. OBOS, MENTENG, JEKAN RAYA;Online;10 Mbps;Media Akses FO;;;;;;
70;CRO;WKA;;;58:C1:7A:52:83:BC;;2021261518-AIRNAV_PKY;;;6.03375 KM;172.31.112.210;ePMP Force 200 SM;PtMP;E8XM03B4T6J2;JL. G. OBOS, MENTENG, JEKAN RAYA - PERUM LPPNPI KANTOR CABANG PALANGKARAYA;Online;10 Mbps;Media Akses FO;;;;;;
71;CRO;WKA;PTA CT SAMBAS;SBSIDSBC01340;00:04:56:DA:0B:1C;;;1,358975;109,305761;;172.31.113.2;ePMP 2000 AP;PtMP;E6VL07LDCX19;installed by fdi , nma;Offline;;;;;;;;
72;CRO;WKA;;;58:C1:7A:4E:2C:52;;2007001595-BPD_SEKURA;;;;172.31.113.3;ePMP Force 200 SM;PtMP;E8WK075PP27W;Installed by VJN;Offline;;;;;;;;
73;CRO;WKA;PTAARR;PTAARRBC01060;00:04:56:D9:D4:8D;;;-0,03539;109,32741;;172.31.74.2;ePMP 2000 AP;PtMP;E6VH00FCSFWS;;Online;;;;;;;;
74;CRO;WKA;;;58:C1:7A:4E:91:F6;;2014007973-BTN_UNTAN;;;3.6275 KM;172.31.74.4;ePMP Force 200 SM;PtMP;E8WK0PMC9CTH;JL. ANDINA SAKTI, RT.01/RW.02 - RUMAH SAKIT UNTAN;Offline;;;;;;;;
75;CRO;WKA;;;58:C1:7A:4E:91:34;;2009003842-BANK_KALBAR_MEGA_MALL;;;2.8791 KM;172.31.74.5;ePMP Force 200 SM;PtMP;E8WK0PJ4ZFSM;JL. ANDINA SAKTI, RT.01/ RW.02 LT 1 KOMP. MEGA MALL;Online;64 Kbps;;;;;;;
76;CRO;WKA;;;58:C1:7A:4E:79:C2;;2020215414-BANK-CIMB-NIAGA;;;2.42959 KM;172.31.74.7;ePMP Force 200 SM;PtMP;E8WK0L63G36X;JL. PUTRI DARANANTE NO.44, GG. SUKA JAYA NO.4 BANK CIMB - PON.MEGA MALL;Online;64 Kbps;;;;;;;
77;CRO;WKA;;;58:C1:7A:48:ED:EE;;CATALYST_MEGAMALL;;;2.8791 KM;172.31.74.8;ePMP Force 200 SM;PtMP;E8VL0FKKDMGR;;Online;;TIDAK ADA DI DATA OB;;;;;;
78;CRO;WKA;WKA;;58:C1:7A:48:F1:D8;;2021287549-BSI_ATM_IAIN;;;;172.31.74.9;ePMP Force 200 SM;PtMP;E8VL0H60P0VT;;Offline;;;;;;;;
79;ERO;BNA;GIANYAR;GANMKFBC01-030;58:C1:7A:73:07:A3;;;-8,521878;115,259804;;172.31.116.130;ePMP 3000L AP;PtMP;E8XF0JP51RT1;;Offline;;;;;;;;
80;ERO;BNA;;;BC:E6:7C:71:85:84;;2019011638 - DANAMON MARSHA UBUD;;;;172.31.116.132;ePMP SM;PtMP;EAXJD000JXK3;;Offline;;;;;;;;
81;ERO;BNA;;;BC:E6:7C:71:96:E5;;2019015448 - ATM DANAMON ALFAMAR;;;;172.31.116.133;ePMP SM;PtMP;EAXJ50009VVG;;Offline;;;;;;;;
82;ERO;BNA;GIANYAR;GANMKFBC02-120;58:C1:7A:73:08:A2;;;;;;172.31.116.150;ePMP 3000L AP;PtMP;E8XF0JS0S53J;;Offline;;;;;;;;
83;ERO;BNA;;;BC:E6:7C:71:C9:22;;2019015007- PANIN POPULAR MARKET;;;;172.31.116.152;ePMP SM;PtMP;EAXJ20006LJ0;;Offline;;;;;;;;
84;ERO;SULAMUT;;;58:C1:7A:4E:2C:BC;;2021287702-ASURANSI UMUM MEGA;;;;10.66.145.102;ePMP Force 200 SM;PtMP;E8WK077GM7ND;;Offline;;wibas;;;;;;
85;ERO;SULAMUT;HOTEL ARBOR MAKASSRA;MKSHBRBC01;58:C1:7A:4E:2C:72;;;;;;10.66.145.130;ePMP Force 200 AP;PtMP;E8WK076768WR;MKSHBRBC01 Cambium Hotel Arbor;Online;;;;;;;;
86;ERO;SULAMUT;;MKSLACB02 CAMBIUM P2P;58:C1:7A:48:ED:62;;;;;;10.66.145.226;ePMP Force 200 AP;PtMP;E8VL0FH79H2Q;;Offline;;;;;;;;
87;ERO;SULAMUT;MAKASSAR DISMANTLE TAC-WOPM;BS-CAMBIUM-MKSHAM;58:C1:7A:49:BE:6C;;;;;;10.66.145.98;ePMP Force 200 AP;PtMP;E8WC00TH1MNC;;Offline;;;;;;;;
88;ERO;SULAMUT;;MKSHBRBC02;58:C1:7A:49:C2:94;;;;;;10.66.212.58;ePMP Force 200 AP;PtMP;E8WC01F7J0LP;MKSHBRBC02 Cambium Hotel Arbor ARAH MALINDO;Online;;;;;;;;
89;ERO;SULAMUT;;;58:C1:7A:4E:2C:44;;2017002740 MALINDO FEEDMIL;;;1.8282 KM;10.66.212.59;ePMP Force 200 SM;PtMP;E8WK075GS10P;JL. JEND. SUDIRMAN KOMPLEK KAWASAN INDUSTRI MAKAS;Online;30 Mbps;Media Akses FO;;;;;;
90;ERO;SULAMUT;MANADO;MNDKLABC01120;00:04:56:DA:F4:6C;;;;;;172.31.119.194;ePMP 2000 AP;PtMP;E6WH0F6CMR81;;Online;;;;;;;;
91;ERO;SULAMUT;;;58:C1:7A:4E:83:98;;2015003646 - ADIRA FINANCE MEGAMAS;;;0.45052 KM;172.31.119.195;ePMP Force 200 SM;PtMP;E8WK0ML21TZ6;KAWASAN RUKO MEGA MAS BLOK II B, RUKO NO.67, JALAN A.J SONDAKH KEL. WENANG SELATAN KEC.WEN;Offline;5 Mbps;;;;;;;
92;ERO;SULAMUT;;;58:C1:7A:4E:7B:3E;;2019011480-GARMINDO-MEGAMAS;;;0.75623 KM;172.31.119.196;ePMP Force 200 SM;PtMP;E8WK0LDFTZ4Z;JL. AJ SONDAKH, KAWASAN MEGAMAS BLOK II NO.A1;Online;1 Mbps;;;;;;;
93;ERO;SULAMUT;TERNATE;TNTSOABC01;00:04:56:DA:08:D6;;;0,80278;127,38267;;172.31.97.130;ePMP 2000 AP;PtMP;E6VL078PVF3F;;Offline;;;;;;;;
94;ERO;SULAMUT;;TNTSOABC02;00:04:56:D9:FA:D8;;;0,80273;127,38265;;172.31.97.131;ePMP 2000 AP;PtMP;E6VK06BKTHX8;;Online;;;;;;;;
95;ERO;SULAMUT;;;58:C1:7A:48:CE:84;;2016006123-ATM-BNI-TOKO-LARIS;;;1.3486 KM;172.31.97.132;ePMP Force 200 SM;PtMP;E8VL055V5TNQ;JL. SKEEP KELURAHAN SALAHUDIN TERNATE;Online;64 Kbps;;;;;;;
96;ERO;SULAMUT;;;58:C1:7A:49:C3:82;;2022329386-SMS-FINANCE;;;;172.31.97.133;ePMP Force 200 SM;PtMP;E8WC01K6QQLX;;Online;1 Mbps;;;;;;;
97;ERO;SULAMUT;;;58:C1:7A:48:CF:62;;2021245983-ATM BPDM muarahotel;;;1.3486 KM;172.31.97.134;ePMP Force 200 SM;PtMP;E8VL059KGZC1;JL. MERDEKA NO.19;Offline;64 Kbps;Media Akses FO;;;;;;
98;ERO;SULAMUT;;;58:C1:7A:48:BE:18;;2020223402-BANK MEGA;;;0.75 KM;172.31.97.135;ePMP Force 200 SM;PtMP;E8VL02JX7HGS;JL. BABULA NO.2 NO.2 KC TERNATE;Offline;1 Mbps;Media Akses FO;;;;;;
99;ERO;SULAMUT;;;58:C1:7A:49:D3:4E;;2022313228-ATM-MANDIRI-MAL-MUARA;;;1.3486 KM;172.31.97.136;ePMP Force 200 SM;PtMP;E8WC0458VWG5;JL. MERDEKA NO.1 TTE ML TERNATE 01 - $1AW1O0I;Offline;32 Kbps;Media Akses FO;;;;;;
100;ERO;SULAMUT;;;58:C1:7A:48:BA:3C;;2023362242-ATM_MANDIRI_MAKMUR;;;1.199 KM;172.31.97.137;ePMP Force 200 SM;PtMP;E8VL020GJ3N8;JL. YASIN GAMSUNGI NO 02 - TTE GD MAKMUR UTAMA 01 (S1AW15LY);Offline;64 Kbps;Media Akses FO;;;;;;
101;ERO;SULAMUT;;;58:C1:7A:4E:7E:96;;2016003080-Bank ArthaGraha;;;1.5578 KM;172.31.97.138;ePMP Force 200 SM;PtMP;E8WK0LVP1W5K;JL. PAHLAWAN REVOLUSI NO.50;Offline;1 Mbps;Media Akses FO;;;;;;
102;ERO;SULAMUT;;;58:C1:7A:49:D6:00;;2016003080-Bank ArthaGraha;;;;172.31.97.138;ePMP Force 200 SM;PtMP;E8WC04JR2KG8;;Offline;;;;;;;;
103;ERO;SULAMUT;;;58:C1:7A:4E:7D:D0;;2022334469-ATM-BANK_MALUKU-TOBOLEU;;;;172.31.97.139;ePMP Force 200 SM;PtMP;E8WK0LRD5GHM;;Offline;;;;;;;;
104;ERO;SULAMUT;;;58:C1:7A:49:D5:F6;;2019011742-ATM_DANAMON_Makmur;;;1.4983 KM;172.31.97.141;ePMP Force 200 SM;PtMP;E8WC04JL7R47;JL. YOSIM GAMSUNGI NO.1;Offline;64 Kbps;Media Akses FO;;;;;;
105;ERO;SULAMUT;;;58:C1:7A:4E:7A:D6;;2022334468-ATM-BANK-MALUKU-KHAIRUN;;;1.0493 KM;172.31.97.142;ePMP Force 200 SM;PtMP;E8WK0LBPB7NG;JL. SULTAN KHAIRUN - ATM - INDOMARET SULTAN KHAIRUN;Offline;64 Kbps;Media Akses FO;;;;;;
106;ERO;SULAMUT;MAMUJU DISMANTLE TAC-WOPM;MMJIMJBC01081;00:04:56:DA:F7:4A;;;-2,67434;118,88917;;172.31.99.10;ePMP 2000 AP;PtMP;E6WJ01MPTZJ5;;Offline;;;;;;;;
107;ERO;SULAMUT;;;58:C1:7A:4E:0B:BA;;2022314943 - ALFAMART RATULANGI MAMUJU;;;;172.31.99.14;ePMP Force 200 SM;PtMP;E8WJ17PBZ7QG;;Offline;;;;;;;;
108;ERO;SULAMUT;;;58:C1:7A:4E:0B:74;;2022314943-ALFAMART RATULANGI;;;;172.31.99.14;ePMP Force 200 SM;PtMP;E8WJ17N5J2G2;;Offline;;;;;;;;
109;ERO;SULAMUT;MAKASSAR DISMANTLE TAC-WOPM;MMJIMJBC02284_Dismantle TAC-WOPM;00:04:56:DB:00:3F;;;-5,1615828;119,4359281;;172.31.99.20;ePMP 2000 AP;PtMP;E6WK0JPN0J16;;Online;;;;;;;;
110;ERO;SULAMUT;;;58:C1:7A:4E:0B:92;;2021280620-ATM BNI FAMILY MART;;;;172.31.99.21;ePMP Force 200 SM;PtMP;E8WJ17NNTDGC;;Offline;64 Kbps;;;;;;;
111;ERO;SULAMUT;;;58:C1:7A:4E:2B:E0;;2013001946-ATM_MUAMALAT_SPBU_H.L;;;;172.31.99.24;ePMP Force 200 SM;PtMP;E8WK073SLV7W;;Offline;;;;;;;;
112;ERO;SULAMUT;;;58:C1:7A:4E:29:A4;;2015001999-ADIRA DINAMIKA FINANC;;;;172.31.99.26;ePMP Force 200 SM;PtMP;E8WK06S810VH;;Offline;;;;;;;;
113;ERO;SULAMUT;;;58:C1:7A:4E:0B:A0;;2010005216 - KCU-BANK SULSELBAR;;;;172.31.99.30;ePMP Force 200 SM;PtMP;E8WJ17NW1527;;Offline;;;;;;;;
114;ERO;SULAMUT;;;58:C1:7A:4E:29:C6;;2016000557-BANK SULSELBAR SYARIA;;;;172.31.99.31;ePMP Force 200 SM;PtMP;E8WK06STW35P;;Offline;;;;;;;;
115;HQ;GJO;;TGRJATBC01045;00:04:56:DA:F6:E2;;;-6,18886;106,60185;;172.31.105.2;ePMP 2000 AP;PtMP;E6WJ01KZTG0Z;;Online;;;;;;;;
116;HQ;GJO;;;58:C1:7A:4E:2A:A2;;AIRNAV PUSAT;;;6.2958 KM;172.31.105.10;ePMP Force 200 SM;PtMP;E8WK06XH70W9;;Online;1.5 Mbps;Media Akses FO;;;;;;
117;HQ;GJO;;;58:C1:7A:4E:2B:C0;;2022313240-BNI HOTEL PAKONS;;;;172.31.105.20;ePMP Force 200 SM;PtMP;E8WK0738ZD2L;;Offline;64 Kbps;;;;;;;
118;HQ;GJO;;;58:C1:7A:4E:7A:E8;;2014001485-BANK-MAYORA;;;;172.31.105.9;ePMP Force 200 SM;PtMP;E8WK0LC0XL68;;Offline;1 Mbps;Cabut / Suspend;;;;;;
119;HQ;GJO;;;58:C1:7A:52:87:A6;;2019014022-BJB_CIMONE;;;1.9489 KM;172.31.105.7;ePMP Force 200 SM;PtMP;E8XM03VT1481;KANTOR PAYMENT POINT UPT KARAWACI JL. RUKO CONVENTION CENTER;Online;128 Kbps;;;;;;;Migrasi Ke BWA WiBAS TG Victoria Square
120;HQ;GJO;TGRJAT;TGRJATBC03225;00:04:56:DA:0C:8A;;;-6,18886;106,60185;;172.31.105.3;ePMP 2000 AP;PtMP;E6VL07SH46WQ;;Online;;;;;;;;
121;HQ;GJO;;;58:C1:7A:4E:2B:16;;2016003892-BANK PERMATA;;;;172.31.105.14;ePMP Force 200 SM;PtMP;E8WK070FNB3P;;Offline;;;;;;;Done;TGRMTHBI1H045
122;HQ;GJO;TGRSTS;TGRSTSSRBC03225;00:04:56:DB:02:8F;TGRSTSSRBC03225;;;;;172.31.110.131;ePMP 2000 AP;PtMP;E6WK0K1JDRP0;;Offline;;;;;;;;
123;HQ;GJO;;;58:C1:7A:4E:80:A0;;2017001479-BANK-INA;;;;172.31.110.133;ePMP Force 200 SM;PtMP;E8WK0M5DT1WD;;Offline;;;;;;;;
124;HQ;GJO;;CLGIDSBC04315;00:04:56:D9:D4:83;;;-6,02185;106,06054;;172.31.86.130;ePMP 2000 AP;PtMP;E6VH00F64XDT;Jl. Sereja Timur No.242, Sukmajaya, Cilegon;Offline;;;;;;;;
125;HQ;GJO;CLGIDS;CLGIDSBC02135;00:04:56:D9:F6:A6;CLGIDSBC02135_Dismantle_TAC-WPOM;;;;;172.31.86.131;ePMP 2000 AP;PtMP;E6VK05QNBKXT;Jl. Sereja Timur No.242, Sukmajaya, Cilegon;Offline;;;;;;;;
126;HQ;GJO;;;58:C1:7A:49:BE:BC;;2025465261-BANK BJB CLG;;;0.8996 KM;172.31.86.134;ePMP Force 200 SM;PtMP;E8WC00VTVBD5;BTS INDOSAT KAWASAN KRAKATAU STEEL, JALAN RAYA ANYER KM 2, NO. 132 0028 KC CILEGON;Offline;5 Mbps;;;;;;Done;
127;HQ;GJO;;;58:C1:7A:4E:79:60;;2020238852-BANK-PERMATA;;;;172.31.86.135;ePMP Force 200 SM;PtMP;E8WK0L4G1B9W;JL. AGENG TIRTAYASA NO.26 KKS CILEGON;Offline;4 Mbps;wibas;;;;;Done;CLGIM304V315
128;HQ;GJO;;;58:C1:7A:52:86:0C;;2024426226-KCPBANKDANAMON-CILEGO;;;;172.31.86.138;ePMP Force 200 SM;PtMP;E8XM03N0VD50;JL. SEREJA TIMUR NO.145;Offline;2 Mbps;wibas;;;;;Done;CLGIM304V315
129;HQ;GJO;;;;;2021275704-BANKWORI-CILEGON;;;;172.31.86.140;ePMP Force 200 SM;PtMP;E8WK074ZTVVN;;Offline;2 Mbps;;;;;;Done;
130;WRO;CSA;;PDGBASBC01-UTARA;00:04:56:DB:02:2F;;;;;;172.31.109.194;ePMP 2000 AP;PtMP;E6WK0JZXFNKJ;;Online;;;;;;;;
131;WRO;CSA;;;58:C1:7A:4E:7E:C2;BN_CapemTabing;;;;;172.31.109.195;ePMP Force 200 SM;PtMP;E8WK0LWFLT92;;Offline;;;;;;;;
132;WRO;CSA;;PDGBASBC02-SELATAN;00:04:56:DB:02:69;;;;;;172.31.109.226;ePMP 2000 AP;PtMP;E6WK0K0W8CNZ;;Offline;;;;;;;;
133;WRO;CSA;;;58:C1:7A:4E:8F:E4;BANK-NAGARI-BELIMBING;;;;;172.31.109.227;ePMP Force 200 SM;PtMP;E8WK0PBJ0L79;;Offline;;;;;;;;
134;WRO;CSA;;BINA SANPRIMA;58:C1:7A:4E:0F:88;;;;;;172.31.109.228;ePMP Force 200 SM;PtMP;E8WJ187K6MQW;;Offline;;;;;;;;
135;WRO;CSA;;BTMPHDBC02180;00:04:56:D9:F5:BC;;;1,15237;104,00766;;172.31.116.2;ePMP 2000 AP;PtMP;E6VK05LRD6GW;;Online;;;;;;;;
136;WRO;CSA;;;58:C1:7A:4E:2A:24;;2012005409-BANK_PANIN_KCP_NAGOYA;;;;172.31.116.4;ePMP Force 200 SM;PtMP;E8WK06VD0BJX;;Offline;;;;;;;;
137;WRO;CSA;;;58:C1:7A:52:82:78;;2020225992-BANK MAYBANK PENUIN;;;;172.31.116.6;ePMP Force 200 SM;PtMP;E8XM034Q8RW2;;Offline;;wibas;;;;;;
138;WRO;CSA;;;58:C1:7A:48:F2:3A;;2020215052-BSI_WINDSOR;;;;172.31.116.9;ePMP Force 200 SM;PtMP;E8VL0H7MG341;;Offline;;;;;;;;
139;WRO;CSA;;;BC:E6:7C:71:33:01;;2021247824-ATM-MANDIRI-INDOMARET;;;;172.31.119.10;ePMP SM;PtMP;EAXJ5000F9Z1;;Offline;;;;;;;;
140;WRO;CSA;;;58:C1:7A:52:81:D2;;2021247824-ATM-MANDIRI-INDOMARET;;;;172.31.119.10;ePMP Force 200 SM;PtMP;E8XM031ZGBGX;;Offline;;;;;;;;
141;WRO;CSA;BTMGPN;BTMGPNBC01130-SEKTOR BANDARA;58:C1:7A:73:07:1C;;;;;;172.31.119.2;ePMP 3000L AP;PtMP;E8XF0JMNTWMV;;Offline;;;;;;;;
142;WRO;CSA;;;58:C1:7A:52:80:98;;2017002904-ATM-MANDIRI-SUKSES 1;;;;172.31.119.3;ePMP Force 200 SM;PtMP;E8XM02VQBLN1;;Offline;;;;;;;;
143;WRO;CSA;;;58:C1:7A:52:83:9C;;2017002901-ATM MANDIRI SUKSES 2;;;;172.31.119.4;ePMP Force 200 SM;PtMP;E8XM039LN4HX;;Offline;;;;;;;;
144;WRO;CSA;;;58:C1:7A:52:83:72;;2019015729-PEGADAIAN_MEGALEGENDA;;;;172.31.119.5;ePMP Force 200 SM;PtMP;E8XM038W9GHT;;Offline;;;;;;;;
145;WRO;CSA;;;58:C1:7A:52:7F:64;;2015001418-ATM-MANDIRI-GLOBAL-ST;;;;172.31.119.6;ePMP Force 200 SM;PtMP;E8XM02PLZK4R;;Offline;;;;;;;;
146;WRO;CSA;;BTMGPNBC02300-SEKTOR SEI PANAS;00:04:56:DB:26:0F;;;;;;172.31.119.66;ePMP 2000 AP;PtMP;E6XF007CJB38;;Offline;;;;;;;;
147;WRO;CSA;;;58:C1:7A:4E:0A:6C;;2015005602-ATM-CMB-NDOMARET-M-TA;;;;172.31.119.68;ePMP Force 200 SM;PtMP;E8WJ17HRRX0S;;Offline;;;;;;;;
148;WRO;CSA;;;58:C1:7A:52:86:A0;;20187913-BPRBANDARRAYA-BENGKONG;;;;172.31.119.70;ePMP Force 200 SM;PtMP;E8XM03QGJ28F;;Offline;;;;;;;;
149;WRO;CSA;;;BC:E6:7C:71:7D:BC;;2021273415-BNI PAYMENT POINT POL;;;;172.31.119.8;ePMP SM;PtMP;EAXJD000W0SB;;Offline;;;;;;;;
150;WRO;NSA;;;58:C1:7A:41:8D:30;;2006004125-BPD ACEH PP UIN;;;;172.31.100.15;ePMP Force 200 SM;PtMP;E8UK0J1J6QKD;;Offline;;;;;;;;
151;WRO;NSA;;;58:C1:7A:48:F1:C4;;2007000842-BPD ACEH LINGKE;;;;172.31.100.16;ePMP Force 200 SM;PtMP;E8VL0H5N8ZG4;;Offline;;;;;;;;
152;WRO;NSA;;;58:C1:7A:4E:2E:56;;2009003651-BPD ACEH CAPEM ULEEKA;;;;172.31.100.18;ePMP Force 200 SM;PtMP;E8WK07G9K587;;Offline;;;;;;;;
153;WRO;NSA;BDALTH_DISMANTLE TAC-WPOM;BDALTHBC02075;00:04:56:DA:08:70;;;;;;172.31.100.2;ePMP 2000 AP;PtMP;E6VL0770D7K4;;Offline;;;;;;;;
154;WRO;NSA;;BDASTUBC04215;00:04:56:DA:F3:90;;;;;;172.31.103.130;ePMP 2000 AP;PtMP;E6WH0F2PV133;;Offline;;;;;;;;
155;WRO;NSA;BDASTU_DISMANTLE TAC-WPOM;BDASTUBC02155;00:04:56:DA:F2:DA;;;;;;172.31.103.131;ePMP 2000 AP;PtMP;E6WH0DZN3Q2P;;Offline;;;;;;;;
156;WRO;NSA;;;58:C1:7A:41:11:92;;2015004706-BPD ACEH LAMPEUNERUT;;;;172.31.103.142;ePMP Force 200 SM;PtMP;E8UJ12MQJPKK;;Offline;;;;;;;;
157;WRO;NSA;;;58:C1:7A:4E:90:76;;2021256833-BSI KCP KEUTAPANG 2;;;;172.31.103.144;ePMP Force 200 SM;PtMP;E8WK0PDZZSVP;;Offline;;;;;;;;
158;WRO;NSA;;;58:C1:7A:48:D4:C2;;2007004466-BAS KETAPANG;;;;172.31.103.146;ePMP Force 200 SM;PtMP;E8VL062HN9XN;;Offline;;;;;;;;
159;WRO;NSA;;;58:C1:7A:48:EE:70;;2019000967-BPD ACEH NEUSU;;;;172.31.103.150;ePMP Force 200 SM;PtMP;E8VL0FMQ4GVS;;Offline;;;;;;;;
160;WRO;NSA;;;58:C1:7A:4E:90:2C;;2015006433-BPD ACEH AJUEN;;;;172.31.103.153;ePMP Force 200 SM;PtMP;E8WK0PCQF8ZC;;Offline;;;;;;;;
161;WRO;NSA;IDIIDS;IDIIDSBC03205;00:04:56:DA:F2:E4;;;;;;172.31.109.130;ePMP 2000 AP;PtMP;E6WH0DZTQV53;;Offline;;;;;;;;
162;WRO;NSA;LSMDRS;LSMDRSBC03173;00:04:56:DA:F2:DE;;;;;;172.31.111.2;ePMP 2000 AP;PtMP;E6WH0DZQJRL3;;Offline;;;;;;;;
163;WRO;NSA;SBLKTA;SBLKTABC01;00:04:56:DA:0C:34;;;1,741638726;98,78308115;;172.31.114.130;ePMP 2000 AP;PtMP;E6VL07R2MDGZ;;Online;;;;;;;;
164;WRO;NSA;;MLBTMLCN01;00:04:56:D9:F6:0A;;;;;;172.31.76.130;ePMP 2000 AP;PtMP;E6VK05N26Q00;;Offline;;;;;;;;
165;WRO;NSA;;MLBTMLBC02;00:04:56:D9:F5:B8;;;4,145;96,12551;;172.31.76.131;ePMP 2000 AP;PtMP;E6VK05LPH795;;Online;;;;;;;;
166;WRO;NSA;;;58:C1:7A:4E:79:4A;;2016002078-BAS DAUD DARIAH;;;;172.31.76.150;ePMP Force 200 SM;PtMP;E8WK0L43NTPR;;Offline;;;;;;;;
167;WRO;NSA;MDNBEL_DISMANTLE;MDNBELBC01;00:04:56:DA:08:12;;;;;;172.31.98.130;ePMP 2000 AP;PtMP;E6VL075FPSQ8;;Offline;;;;;;;;
168;WRO;NSA;MDNPAM;MDNPAMBC01;00:04:56:DA:09:66;;;;;;172.31.98.2;ePMP 2000 AP;PtMP;E6VL07C3VB0X;;Offline;;;;;;;;
169;WRO;NSA;BDALBR;BDALBRBC01_DISMANTLE;00:04:56:D9:FA:C2;;;5,50925;95,35778;;172.31.99.130;ePMP 2000 AP;PtMP;E6VK06B6G429;;Online;;;;;;;;
170;WRO;NSA;;;58:C1:7A:40:FE:4C;;2021262912-AIRNAV VPN;;;;172.31.99.149;ePMP Force 200 SM;PtMP;E8UJ1024B91P;;Offline;;;;;;;;
171;WRO;SSA;;PBMYMNCN01-SEKTOR-POLRES;58:C1:7A:41:90:3A;;;;;;10.72.66.10;ePMP Force 200 AP;PtMP;E8UK0JG2RXH3;;Online;;;;;;;;
172;WRO;SSA;;;58:C1:7A:41:79:E4;;2018004864-ATM_BNI_SUKAJADI;;;1.223 KM;10.72.66.20;ePMP Force 200 SM;PtMP;E8UK0FGVVJZ7;;Online;;;;;;;;
173;WRO;SSA;;;58:C1:7A:42:31:60;;2021245509-SAMSAT_ERI_PRABU;;;9.31611 KM;10.72.66.23;ePMP Force 200 SM;PtMP;E8UM0816ZHV3;JL. PROF. HM YAMIN, PASAR-PRABUMULIH, PRABUMULIH BARAT 0 SAMSAT PRABUMULIH-SUMATERA SELATAN;Online;1 Mbps;Media Akses FO;;;;;;
174;WRO;SSA;BANYUASIN - BYN;BYNPBLBC01260-SEKTOR_160;58:C1:7A:41:88:3E;;;;;;172.31.10.131;ePMP Force 200 AP;PtMP;E8UK0HD3F0L6;;Online;;;;;;;;
175;WRO;SSA;;BYNPBLBC02345;58:C1:7A:49:C1:4E;;;-2,888474;104,394197;;172.31.10.132;ePMP Force 200 AP;PtMP;E8WC017SH0V9;;Online;;;;;;;;
176;WRO;SSA;CURUP_DISMANTLE TAC-WOPM;RJLCRPBC01150;00:04:56:DB:01:C5;;;-3,46529;102,52482;;172.31.101.130;ePMP 2000 AP;PtMP;E6WK0JX5RZT0;;Online;;;;;;;;
177;WRO;SSA;;BPD BENGKULU MERIGI CURUP;58:C1:7A:4E:0C:88;;;;;;172.31.101.140;ePMP Force 200 SM;PtMP;E8WJ17SRDG04;;Offline;;;;;;;;
178;WRO;SSA;;LLGYSDBC01065;00:04:56:D9:C4:C6;;;-3,29109;102,87095;;172.31.102.2;ePMP 2000 AP;PtMP;E6VG04JV39FB;;Online;;;;;;;;
179;WRO;SSA;PANGKAL PINANG;PKPRKIBC01350;00:04:56:DA:0C:16;;;-2,15641;106,13115;;172.31.114.194;ePMP 2000 AP;PtMP;E6VL07QKDZVR;;Online;;;;;;;;
180;WRO;SSA;;;58:C1:7A:4E:7D:96;;2011005339-BSB KAS UBB;;;;172.31.114.201;ePMP Force 200 SM;PtMP;E8WK0LQFDPRQ;;Offline;;;;;;;;
181;WRO;SSA;;;58:C1:7A:4E:7D:BA;;2016010895-ATM CIMB SPBU BSM;;;;172.31.114.202;ePMP Force 200 SM;PtMP;E8WK0LR1RRKZ;;Offline;;;;;;;;
182;WRO;SSA;;;58:C1:7A:4E:7D:5C;;2022313633 - ADIRA REMOTE BANGKA;;;;172.31.114.203;ePMP Force 200 SM;PtMP;E8WK0LPGQDGC;;Offline;;;;;;;;
183;WRO;SSA;PANGKAL PINANG;PKPNVTBC01090;00:04:56:D9:8E:33;;;-2,15639;106,13114;;172.31.77.2;ePMP 2000 AP;PtMP;E6VE0BXX29ZN;;Online;;;;;;;;
184;WRO;SSA;;;58:C1:7A:4E:2B:1C;;2021272960-YAKULT PANGKAL PINANG;;;;172.31.77.21;ePMP Force 200 SM;PtMP;E8WK070JVV31;;Offline;;;;;;;;
185;WRO;SSA;;;58:C1:7A:4E:7B:A6;;2021289312 - BLUE BIRD TAXI PKP;;;0.869 KM;172.31.77.22;ePMP Force 200 SM;PtMP;E8WK0LG5TGXK;JL. SOEKARNO HATTA KM.5 NO.45;Online;5 Mbps;Media Akses FO;;;;;;
186;WRO;SSA;;;58:C1:7A:4E:83:32;;2023343464-SMS FINANCE;;;;172.31.77.23;ePMP Force 200 SM;PtMP;E8WK0MJCW09Q;;Offline;;;;;;;;
187;WRO;SSA;;PKPNVTBC02;00:04:56:DA:08:16;;;-2,15641;106,13115;;172.31.77.3;ePMP 2000 AP;PtMP;E6VL075HJQXK;;Online;;;;;;;;
188;WRO;SSA;;;58:C1:7A:48:D4:C0;VPN AIRNAV PKP-2;;;;;172.31.77.52;ePMP Force 200 SM;PtMP;E8VL062GZMC8;;Offline;;;;;;;;
189;WRO;SSA;;;58:C1:7A:41:91:92;;2021281395-BCA KCU PANGKAL PINANG;;;0.5987 KM;172.31.77.9;ePMP Force 200 SM;PtMP;E8UK0JMMMWT6;BANK BCA KCU PANGKAL PINANG;Online;5 Mbps;;;;;;;
190;WRO;SSA;;;58:C1:7A:4E:2B:14;; 2014008853-BSB_Kemang Indah;;;16.814 KM;172.31.78.10;ePMP Force 200 SM;PtMP;E8WK070DTSVP;JL LET. MOCHTAR SALEH LK. 2;Offline;;HX50;;;;;;
191;WRO;SSA;;;58:C1:7A:4E:2A:D0;;2021260481-BSI_TGM;;;0.9332 KM;172.31.78.13;ePMP Force 200 SM;PtMP;E8WK06Z8JSZ8;PUTRI KEMBANG DADAR (BLKG TAMAN BUKIT SIGUNTANG) - KCP TUGU MULYO 1;Online;2 Mbps;;;;;;;
192;WRO;SSA;PALEMBANG HRA;PLBHRABC03250;58:C1:7A:48:B9:00;;;;;;172.31.78.132;ePMP Force 200 AP;PtMP;E8VL01T6JTJ9;;Offline;;;;;;;;
193;WRO;SSA;;;58:C1:7A:48:F3:F6;;2007003133-BSB_TUGUMULYO;;;;172.31.78.15;ePMP Force 200 SM;PtMP;E8VL0HH10G7W;;Offline;;;;;;;;
194;WRO;SSA;;;58:C1:7A:4E:2A:16;;2021286308-SMS FINANCE;;;0.4827 KM;172.31.78.16;ePMP Force 200 SM;PtMP;E8WK06V52VPR;JL LINTAS TIMUR DUSUN II KEC LEMPUING KAB OKI SUMSEL;Online;2 Mbps;;;;;;;
195;WRO;SSA;;;00:04:56:F2:B2:A0;;2021289505-BCP DABUKREJO;;;;172.31.78.17;ePMP Force 200 SM;PtMP;E8TG13TF29MQ;;Online;20 Mbps;;;;;;;
196;WRO;SSA;;;58:C1:7A:48:BD:82;;2005003143-BNI_KCP;;;;172.31.78.18;ePMP Force 200 SM;PtMP;E8VL02GFBLP8;;Offline;;;;;;;;
197;WRO;SSA;;;58:C1:7A:48:B7:76;;2021264310-POM_BCP;;;12.46975 KM;172.31.78.19;ePMP Force 200 SM;PtMP;E8VL01LM7C72;JL. LINTAS TIMUR-DABUK REJO;Online;15 Mbps;;;;;;;
198;WRO;SSA;OGAN ILIR TGM;KYATGMBC01150;00:04:56:DA:0C:A8;;;-3,86342;104,88365;;172.31.78.2;ePMP 2000 AP;PtMP;E6VL07T0QC27;;Online;;;;;;;;
199;WRO;SSA;;;58:C1:7A:4E:2B:4C;;2012001622_ATM_MANDIRI_SPBU_CAMP;;;;172.31.78.21;ePMP Force 200 SM;PtMP;E8WK071BWQT8;;Offline;;SUSPEND PERMANENT;;;;;;
200;WRO;SSA;;KYATGMBC02056;58:C1:7A:48:F0:C4;;;-3,86337;104,8837;;172.31.78.3;ePMP Force 200 AP;PtMP;E8VL0H1D8WLB;;Offline;;;;;;;;
201;WRO;SSA;;KYATGMBC03335;58:C1:7A:4E:10:60;;;-3,86337;104,8837;;172.31.78.4;ePMP Force 200 AP;PtMP;E8WJ18C56Q7Z;;Online;;;;;;;;
202;WRO;SSA;;KYAINSBC01245-SEKTOR_TANIA;58:C1:7A:41:5F:A0;;;-3,386787;104,826933;;172.31.78.66;ePMP Force 200 AP;PtMP;E8UK09R1T3DJ;;Online;;;;;;;;
203;WRO;SSA;;KYAINSBC02315;58:C1:7A:41:79:2E;;;-3,386818;104,826889;;172.31.78.67;ePMP Force 200 AP;PtMP;E8UK0FCXQ8NX;;Online;;;;;;;;
204;WRO;SSA;;;58:C1:7A:4E:10:6A;;2007003139-BSB_INDRALAYA;;;;172.31.78.71;ePMP Force 200 SM;PtMP;E8WJ18CBVXHD;;Offline;;;;;;;;
205;WRO;SSA;;;58:C1:7A:41:90:10;;2020233724-SAMSAT TANJUNG RAJA;;;;172.31.78.72;ePMP Force 200 SM;PtMP;E8UK0JFDB85V;;Offline;;;;;;;;
206;WRO;SSA;;;58:C1:7A:41:89:F4;;2020211032-ATM_BSBpemdaOI;;;;172.31.78.74;ePMP Force 200 SM;PtMP;E8UK0HM57V93;;Offline;;;;;;;;
207;WRO;SSA;;;58:C1:7A:48:BE:2E;;2021284407-YAKULT_LAYO;;;27.6162 KM;172.31.78.75;ePMP Force 200 SM;PtMP;E8VL02K9XQJ6;JL, LET, MOCHTAR SALEH LK. 2 INDRALAYA KAYU AGUNG;Online;4 Mbps;;;;;;;
208;WRO;SSA;;;58:C1:7A:4E:29:8C;;2017007628-TANIA SELATAN;;;;172.31.78.81;ePMP Force 200 SM;PtMP;E8WK06RVL6C8;;Online;;;;;;;;
209;WRO;SSA;PALEMBANG TKE;PLBTKEBC01245;00:04:56:D8:80:CB;;;-2,93506;104,79279;;172.31.79.130;ePMP 2000 AP;PtMP;;;Online;;;;;;;;
210;WRO;SSA;;;58:C1:7A:48:C0:9A;;2014003106-Alfamart Musiraya;;;;172.31.79.147;ePMP Force 200 SM;PtMP;E8VL02WMDZWT;;Online;;PTP SUSPEND PERMANENT;;;;;;
211;WRO;SSA;;;58:C1:7A:41:5A:08;;2017000941-MTF PTC;;;;172.31.79.152;ePMP Force 200 SM;PtMP;E8UK08ZYSWJL;;Offline;;SUSPEND PERMANENT;;;;;;
212;WRO;SSA;;;58:C1:7A:48:BF:B8;;2020226259-MAYBANK KM12;;;;172.31.83.19;ePMP Force 200 SM;PtMP;E8VL02RVMFQ1;;Offline;;;;;;;;
213;WRO;SSA;PALEMBANG KBN;PLBKBNBC01300;00:04:56:D9:90:AF;;;-2,91999;104,72259;;172.31.83.2;ePMP 2000 AP;PtMP;E6VE0C9J42TS;;Offline;;;;;;;;
214;WRO;SSA;;;58:C1:7A:48:B9:E2;;2020231930-KANTOR POS TJ API2;;;1.22284 KM;172.31.83.20;ePMP Force 200 SM;PtMP;E8VL01XZ0KT2;SITE TBG KEBUN BUNGA, JL. KEBUN BUNGA KOMPLEK SUKARAME - KANTOR POS SPP PALEMBANG;Online;2 Mbps;Media Akses FO / SUSPEND PERMANENT;;;;;;
215;WRO;SSA;;;58:C1:7A:40:A7:D0;;2018008603-ANGKASA_PURA_KARGO;;;3.0272 KM;172.31.83.22;ePMP Force 200 SM;PtMP;E8UJ0MK1STS4;JL. TB SIMATUPANG KAV.10, CILANDAK BARAT;Online;3 Mbps;Media Akses FO;;;;;;
216;WRO;SSA;;;58:C1:7A:40:BB:C6;;2022341150-ATM_BNI_t.jambi (ganti nojar 2022341559-ATM BNI TALANG JAMBE);;;;172.31.83.27;ePMP Force 200 SM;PtMP;E8UJ0Q6GFC6N;;Offline;64 Kbps;;;;;;;
217;WRO;SSA;;PLBKBNBC02210;00:04:56:DA:0C:2C;;;-2,91999;104,72259;;172.31.83.3;ePMP 2000 AP;PtMP;E6VL07QXS34F;;Offline;;;;;;;;
218;WRO;SSA;;;58:C1:7A:48:EF:58;;2014003086-ALFA PERINDUSTRIAN;;;;172.31.83.35;ePMP Force 200 SM;PtMP;E8VL0FRLZVGM;;Online;;SUSPEND PERMANENT;;;;;;
219;WRO;SSA;;;58:C1:7A:48:F1:08;;2023374709-TIGATRA BTN MANNA;;;;172.31.95.15;ePMP Force 200 SM;PtMP;E8VL0H2J0SXC;;Offline;1 Mbps;;;;;;;
220;WRO;SSA;BENGKULU HST_DISMANTLE  TAC-WPOM;MNAINSBC01120;00:04:56:D9:8D:FF;;;;;;172.31.95.2;ePMP 2000 AP;PtMP;E6VE0BX2C287;;Offline;;;;;;;;
221;WRO;SSA;;;58:C1:7A:48:D6:7C;;2017008070-BPD JAMBI KCP SYARIAH SEBERANG;;;;172.31.96.155;ePMP Force 200 SM;PtMP;E8VL069V94KL;;Online;;;;;;;;
222;WRO;SSA;;JMBKSGBC03230;58:C1:7A:41:7C:5A;;;;;;172.31.96.248;ePMP Force 200 AP;PtMP;E8UK0FT0Z7Z6;ePTP Master;Offline;;;;;;;;
223;WRO;SSA;;;58:C1:7A:41:8A:EC;;2016005556_BPD_SENGETI;;;;172.31.96.252;ePMP Force 200 SM;PtMP;E8UK0HR5CCH8;Jl. Lintas Timur Jambi - Sengeti;Online;;;;;;;;
224;WRO;SSA;JAMBI;JMBKSGBC02317;58:C1:7A:41:05:14;;;;;;172.31.96.253;ePMP Force 200 AP;PtMP;E8UJ10Z4NBZD;;Online;;;;;;;;
;;;;;;;;;;;;;;;;;;;;;;;;
